{
  "product": [
    {
      "soXe": "1231",
      "tenNhaXe": "Mai Linh",
      "diemDi": "Hồ Chí Minh",
      "diemDen": "Hà Nội",
      "soDienThoai": "0935845632",
      "email": "mailinh@gmail.com",
      "gioDi": "13:20",
      "gioDen": "15:00",
      "loaiXe": "Giường nằm",
      "id": 1
    },
    {
      "soXe": "1222",
      "tenNhaXe": "Hoàng Long",
      "diemDi": "Đà Nẵng",
      "diemDen": "Quảng Bình",
      "soDienThoai": "0939845122",
      "email": "hoanglong@gmail.com",
      "gioDi": "13:20",
      "gioDen": "15:00",
      "loaiXe": "Ghế ngồi",
      "id": 2
    },
    {
      "soXe": "2311",
      "tenNhaXe": "Mai Linh",
      "diemDi": "Đà Nẵng",
      "diemDen": "Huế",
      "soDienThoai": "0975845382",
      "email": "mailinh@gmail.com",
      "gioDi": "06:20",
      "gioDen": "08:00",
      "loaiXe": "Giường nằm",
      "id": 3
    }
  ],
  "category": [
    {
      "id": 1,
      "name": "Giường nằm "
    },
    {
      "id": 2,
      "name": "Ghế ngồi"
    }
  ]
}